<?xml version="1.0" encoding="UTF-8"?>
<!DOCTYPE mapper
 PUBLIC "-//mybatis.org//DTD Mapper 3.0//EN"
 "http://mybatis.org/dtd/mybatis-3-mapper.dtd">
<mapper namespace="team.Dproject.adminBus.busMapper">
    <select id="listBus"  resultType="busDTO">
    	select * from bus order by bus_no
    </select>
    <insert id="insertBus" parameterType="busDTO">
    	insert into bus values(bus_seq.nextval,#{grade},#{seat})
    </insert>
    <delete id="deleteBus" parameterType="String">
    	delete from bus where bus_no=#{no}
    </delete>
    <select id="getBus" parameterType="String" resultType="busDTO">
    	select * from bus where bus_no=#{no}
    </select>
    <update id="updateBus" parameterType="busDTO">
    	update bus set grade=#{grade}, seat=#{seat} where bus_no=#{bus_no}
    </update>

    
</mapper>